{
  "totalTrades": 27,
  "profitableTrades": 21,
  "losingTrades": 6,
  "winRate": 0.7777777777777778,
  "averageProfitPerTrade": 0.13368577595125214,
  "averageWin": 0.2258355786983166,
  "averageLoss": -0.1888385336634734,
  "largestWin": 0.2989392241004934,
  "largestLoss": -0.40460149763362896,
  "profitByExitReason": {
    "SIGNAL": 0.4269657759502759,
    "TAKE_PROFIT": 3.282710270674653,
    "LIQUIDATION": -0.1001600959411216
  },
  "tradesByExitReason": {
    "SIGNAL": 14,
    "TAKE_PROFIT": 11,
    "LIQUIDATION": 2
  }
}